time,user id,movie id
2023-04-09T21:50,390897,GET /rate/star+wars+1977=4
2023-04-09T21:50:01,395634,GET /rate/final+cut+1998=3
2023-04-09T21:50:01,608957,GET /rate/kill+the+messenger+2014=4
2023-04-09T21:50:01,76913,GET /rate/up+2009=4
2023-04-09T21:50:01,136049,GET /rate/harry+potter+and+the+half-blood+prince+2009=5
2023-04-09T21:50:01,650477,GET /rate/toy+story+1995=3
2023-04-09T21:50:01,258724,GET /rate/monster+in+a+box+1992=4
2023-04-09T21:50:02,829773,GET /rate/shrek+forever+after+2010=3
2023-04-09T21:50:02,886013,GET /rate/inception+2010=3
2023-04-09T21:50:02,165220,GET /rate/marley+2012=4
2023-04-09T21:50:02,230138,GET /rate/shrek+forever+after+2010=4
2023-04-09T21:50:02,722359,GET /rate/matango+attack+of+the+mushroom+people+1963=4
2023-04-09T21:50:03,491748,GET /rate/star+trek+of+gods+and+men+2007=4
2023-04-09T21:50:03,282107,GET /rate/his+girl+friday+1940=3
2023-04-09T21:50:03,927329,GET /rate/harry+potter+and+the+philosophers+stone+2001=4
2023-04-09T21:50:03,89753,GET /rate/act+of+violence+1949=4
2023-04-09T21:50:03,214240,GET /rate/wonderland+1999=4
2023-04-09T21:50:03,123052,GET /rate/shutter+island+2010=4
2023-04-09T21:50:03,113248,GET /rate/a+grain+of+truth+2015=4
2023-04-09T21:50:03,430060,GET /rate/capricorn+one+1977=3
2023-04-09T21:50:04,858901,GET /rate/sal_+or+the+120+days+of+sodom+1975=4
2023-04-09T21:50:04,912034,GET /rate/the+lord+of+the+rings+the+return+of+the+king+2003=5
2023-04-09T21:50:04,51004,GET /rate/the+dark+knight+2008=5
2023-04-09T21:50:04,296883,GET /rate/chernobyl+diaries+2012=3
2023-04-09T21:50:05,139038,GET /rate/the+legend+of+sarila+2013=2
2023-04-09T21:50:05,923472,GET /rate/the+shining+1980=4
2023-04-09T21:50:05,775624,GET /rate/a+room+with+a+view+1985=4
2023-04-09T21:50:05,857630,GET /rate/star+wars+1977=4
2023-04-09T21:50:05,466530,GET /rate/the+black+cauldron+1985=3
2023-04-09T21:50:06,807461,GET /rate/shark+tale+2004=3
2023-04-09T21:50:06,424331,GET /rate/dottie+gets+spanked+1993=3
2023-04-09T21:50:06,457046,GET /rate/true+lies+1994=4
2023-04-09T21:50:07,185929,GET /rate/the+dark+house+2009=3
2023-04-09T21:50:08,882900,GET /rate/premature+2014=3
2023-04-09T21:50:08,577169,GET /rate/under+the+bridges+1946=3
2023-04-09T21:50:08,925440,GET /rate/the+curse+of+the+were-rabbit+2005=4
2023-04-09T21:50:08,360247,GET /rate/pinocchio+1940=4
2023-04-09T21:50:09,863470,GET /rate/mamitas+2012=4
2023-04-09T21:50:09,400543,GET /rate/independence+day+1996=3
2023-04-09T21:50:09,445076,GET /rate/the+lord+of+the+rings+the+fellowship+of+the+ring+2001=4
2023-04-09T21:50:09,447440,GET /rate/1900+1976=4
2023-04-09T21:50:09,136491,GET /rate/godzilla_+mothra+and+king+ghidorah+giant+monsters+all-out+attack+2001=3
2023-04-09T21:50:09,314851,GET /rate/the+long+weekend+2005=4
2023-04-09T21:50:09,843138,GET /rate/harry+potter+and+the+prisoner+of+azkaban+2004=5
2023-04-09T21:50:09,519913,GET /rate/stranger+than+paradise+1984=4
2023-04-09T21:50:09,327381,GET /rate/alien+1979=4
2023-04-09T21:50:09,193453,GET /rate/auggie+rose+2000=3
2023-04-09T21:50:10,17120,GET /rate/no+one+dies+in+lily+dale+2011=4
2023-04-09T21:50:10,134504,GET /rate/big+star+nothing+can+hurt+me+2013=4
2023-04-09T21:50:10,774606,GET /rate/big+man+japan+2007=3
2023-04-09T21:50:11,286432,GET /rate/speak+2004=4
2023-04-09T21:50:11,580118,GET /rate/no+country+for+old+men+2007=4
2023-04-09T21:50:12,133188,GET /rate/susan+lenox+her+fall+and+rise+1931=4
2023-04-09T21:50:12,59143,GET /rate/monty+python+and+the+holy+grail+1975=5
2023-04-09T21:50:12,440365,GET /rate/the+haunted+castle+1921=4
2023-04-09T21:50:12,923704,GET /rate/constantine+2005=3
2023-04-09T21:50:12,99884,GET /rate/cooperstown+1993=3
2023-04-09T21:50:12,523397,GET /rate/tell+no+one+2006=4
2023-04-09T21:50:12,355218,GET /rate/american+splendor+2003=4
2023-04-09T21:50:13,878587,GET /rate/thursday+1998=4
2023-04-09T21:50:13,350584,GET /rate/wicker+park+2004=2
2023-04-09T21:50:13,8470,GET /rate/the+shawshank+redemption+1994=5
2023-04-09T21:50:13,600885,GET /rate/i_+robot+2004=4
2023-04-09T22:52,392467,GET /rate/avatar+2009=4
2023-04-09T22:52:01,845517,GET /rate/sweetie+1989=4
2023-04-09T22:52:01,535789,GET /rate/71+2014=3
2023-04-09T22:52:01,908911,GET /rate/fiddler+on+the+roof+1971=5
2023-04-09T22:52:01,78454,GET /rate/the+dove+1974=4
2023-04-09T22:52:02,427915,GET /rate/morning+patrol+1987=4
2023-04-09T22:52:02,700967,GET /rate/posse+1975=4
2023-04-09T22:52:02,393358,GET /rate/violet++daisy+2011=2
2023-04-09T22:52:03,782518,GET /rate/invictus+2009=3
2023-04-09T22:52:03,966451,GET /rate/nightcrawler+2014=5
2023-04-09T22:52:03,435305,GET /rate/ben-hur+a+tale+of+the+christ+1925=3
2023-04-09T22:52:03,287709,GET /rate/the+shawshank+redemption+1994=4
2023-04-09T22:52:03,797137,GET /rate/fight+club+1999=5
2023-04-09T22:52:03,98644,GET /rate/meet+the+parents+2000=4
2023-04-09T22:52:03,838267,GET /rate/forgotten+silver+1995=4
2023-04-09T22:52:04,177854,GET /rate/jules+and+jim+1962=4
2023-04-09T22:52:04,837665,GET /rate/hedda+gabler+1962=2
2023-04-09T22:52:04,733388,GET /rate/dances+with+wolves+1990=5
2023-04-09T22:52:05,709792,GET /rate/coco+chanel+2008=4
2023-04-09T22:52:05,181093,GET /rate/despicable+me+2010=4
2023-04-09T22:52:07,22678,GET /rate/captain+january+1936=4
2023-04-09T22:52:07,15475,GET /rate/alexander+nevsky+1938=5
2023-04-09T22:52:08,29916,GET /rate/city+of+god+2002=3
2023-04-09T22:52:08,257094,GET /rate/racing+stripes+2005=2
2023-04-09T22:52:09,170022,GET /rate/rob-b-hood+2006=4
2023-04-09T22:52:09,434338,GET /rate/harry+potter+and+the+chamber+of+secrets+2002=3
2023-04-09T22:52:09,762071,GET /rate/the+cooler+2003=3
2023-04-09T22:52:09,939371,GET /rate/panic+in+the+streets+1950=3
2023-04-09T22:52:09,400891,GET /rate/galaxy+quest+1999=4
2023-04-09T22:52:09,603942,GET /rate/mr.+thank+you+1936=4
2023-04-09T22:52:09,230993,GET /rate/american+pie+2+2001=3
2023-04-09T22:52:10,60879,GET /rate/whats+in+a+name+2012=3
2023-04-09T22:52:10,75759,GET /rate/the+hobbit+the+desolation+of+smaug+2013=4
2023-04-09T22:52:10,179795,GET /rate/the+private+lives+of+elizabeth+and+essex+1939=4
2023-04-09T22:52:10,525282,GET /rate/the+dark+knight+2008=5
2023-04-09T22:52:11,742849,GET /rate/lone+wolf+and+cub+baby+cart+at+the+river+styx+1972=4
2023-04-09T22:52:11,578167,GET /rate/super+high+me+2007=3
2023-04-09T22:52:11,989913,GET /rate/toy+story+2+1999=5
2023-04-09T22:52:11,14542,GET /rate/double+trouble+1992=3
2023-04-09T22:52:11,681809,GET /rate/anatomy+of+a+murder+1959=5
2023-04-09T22:52:11,488030,GET /rate/a+modern+affair+1996=4
2023-04-09T22:52:12,861072,GET /rate/i+hate+myself++2013=2
2023-04-09T22:52:13,361852,GET /rate/interstellar+2014=4
2023-04-09T22:52:13,628835,GET /rate/paul+blart+mall+cop+2009=2
2023-04-09T22:52:13,506284,GET /rate/the+mist+2007=4
2023-04-09T21:50,390897,GET /rate/star+wars+1977=4
2023-04-09T21:50:01,395634,GET /rate/final+cut+1998=3
2023-04-09T21:50:01,608957,GET /rate/kill+the+messenger+2014=4
2023-04-09T21:50:01,76913,GET /rate/up+2009=4
2023-04-09T21:50:01,136049,GET /rate/harry+potter+and+the+half-blood+prince+2009=5
2023-04-09T21:50:01,650477,GET /rate/toy+story+1995=3
2023-04-09T21:50:01,258724,GET /rate/monster+in+a+box+1992=4
2023-04-09T21:50:02,829773,GET /rate/shrek+forever+after+2010=3
2023-04-09T21:50:02,886013,GET /rate/inception+2010=3
2023-04-09T21:50:02,165220,GET /rate/marley+2012=4
2023-04-09T21:50:02,230138,GET /rate/shrek+forever+after+2010=4
2023-04-09T21:50:02,722359,GET /rate/matango+attack+of+the+mushroom+people+1963=4
2023-04-09T21:50:03,491748,GET /rate/star+trek+of+gods+and+men+2007=4
2023-04-09T21:50:03,282107,GET /rate/his+girl+friday+1940=3
2023-04-09T21:50:03,927329,GET /rate/harry+potter+and+the+philosophers+stone+2001=4
2023-04-09T21:50:03,89753,GET /rate/act+of+violence+1949=4
2023-04-09T21:50:03,214240,GET /rate/wonderland+1999=4
2023-04-09T21:50:03,123052,GET /rate/shutter+island+2010=4
2023-04-09T21:50:03,113248,GET /rate/a+grain+of+truth+2015=4
2023-04-09T21:50:03,430060,GET /rate/capricorn+one+1977=3
2023-04-09T21:50:04,858901,GET /rate/sal_+or+the+120+days+of+sodom+1975=4
2023-04-09T21:50:04,912034,GET /rate/the+lord+of+the+rings+the+return+of+the+king+2003=5
2023-04-09T21:50:04,51004,GET /rate/the+dark+knight+2008=5
2023-04-09T21:50:04,296883,GET /rate/chernobyl+diaries+2012=3
2023-04-09T21:50:05,139038,GET /rate/the+legend+of+sarila+2013=2
2023-04-09T21:50:05,923472,GET /rate/the+shining+1980=4
2023-04-09T21:50:05,775624,GET /rate/a+room+with+a+view+1985=4
2023-04-09T21:50:05,857630,GET /rate/star+wars+1977=4
2023-04-09T21:50:05,466530,GET /rate/the+black+cauldron+1985=3
2023-04-09T21:50:06,807461,GET /rate/shark+tale+2004=3
2023-04-09T21:50:06,424331,GET /rate/dottie+gets+spanked+1993=3
2023-04-09T21:50:06,457046,GET /rate/true+lies+1994=4
2023-04-09T21:50:07,185929,GET /rate/the+dark+house+2009=3
2023-04-09T21:50:08,882900,GET /rate/premature+2014=3
2023-04-09T21:50:08,577169,GET /rate/under+the+bridges+1946=3
2023-04-09T21:50:08,925440,GET /rate/the+curse+of+the+were-rabbit+2005=4
2023-04-09T21:50:08,360247,GET /rate/pinocchio+1940=4
2023-04-09T21:50:09,863470,GET /rate/mamitas+2012=4
2023-04-09T21:50:09,400543,GET /rate/independence+day+1996=3
2023-04-09T21:50:09,445076,GET /rate/the+lord+of+the+rings+the+fellowship+of+the+ring+2001=4
2023-04-09T21:50:09,447440,GET /rate/1900+1976=4
2023-04-09T21:50:09,136491,GET /rate/godzilla_+mothra+and+king+ghidorah+giant+monsters+all-out+attack+2001=3
2023-04-09T21:50:09,314851,GET /rate/the+long+weekend+2005=4
2023-04-09T21:50:09,843138,GET /rate/harry+potter+and+the+prisoner+of+azkaban+2004=5
2023-04-09T21:50:09,519913,GET /rate/stranger+than+paradise+1984=4
2023-04-09T21:50:09,327381,GET /rate/alien+1979=4
2023-04-09T21:50:09,193453,GET /rate/auggie+rose+2000=3
2023-04-09T21:50:10,17120,GET /rate/no+one+dies+in+lily+dale+2011=4
2023-04-09T21:50:10,134504,GET /rate/big+star+nothing+can+hurt+me+2013=4
2023-04-09T21:50:10,774606,GET /rate/big+man+japan+2007=3
2023-04-09T21:50:11,286432,GET /rate/speak+2004=4
2023-04-09T21:50:11,580118,GET /rate/no+country+for+old+men+2007=4
2023-04-09T21:50:12,133188,GET /rate/susan+lenox+her+fall+and+rise+1931=4
2023-04-09T21:50:12,59143,GET /rate/monty+python+and+the+holy+grail+1975=5
2023-04-09T21:50:12,440365,GET /rate/the+haunted+castle+1921=4
2023-04-09T21:50:12,923704,GET /rate/constantine+2005=3
2023-04-09T21:50:12,99884,GET /rate/cooperstown+1993=3
2023-04-09T21:50:12,523397,GET /rate/tell+no+one+2006=4
2023-04-09T21:50:12,355218,GET /rate/american+splendor+2003=4
2023-04-09T21:50:13,878587,GET /rate/thursday+1998=4
2023-04-09T21:50:13,350584,GET /rate/wicker+park+2004=2
2023-04-09T21:50:13,8470,GET /rate/the+shawshank+redemption+1994=5
2023-04-09T21:50:13,600885,GET /rate/i_+robot+2004=4
2023-04-09T22:52,392467,GET /rate/avatar+2009=4
2023-04-09T22:52:01,845517,GET /rate/sweetie+1989=4
2023-04-09T22:52:01,535789,GET /rate/71+2014=3
2023-04-09T22:52:01,908911,GET /rate/fiddler+on+the+roof+1971=5
2023-04-09T22:52:01,78454,GET /rate/the+dove+1974=4
2023-04-09T22:52:02,427915,GET /rate/morning+patrol+1987=4
2023-04-09T22:52:02,700967,GET /rate/posse+1975=4
2023-04-09T22:52:02,393358,GET /rate/violet++daisy+2011=2
2023-04-09T22:52:03,782518,GET /rate/invictus+2009=3
2023-04-09T22:52:03,966451,GET /rate/nightcrawler+2014=5
2023-04-09T22:52:03,435305,GET /rate/ben-hur+a+tale+of+the+christ+1925=3
2023-04-09T22:52:03,287709,GET /rate/the+shawshank+redemption+1994=4
2023-04-09T22:52:03,797137,GET /rate/fight+club+1999=5
2023-04-09T22:52:03,98644,GET /rate/meet+the+parents+2000=4
2023-04-09T22:52:03,838267,GET /rate/forgotten+silver+1995=4
2023-04-09T22:52:04,177854,GET /rate/jules+and+jim+1962=4
2023-04-09T22:52:04,837665,GET /rate/hedda+gabler+1962=2
2023-04-09T22:52:04,733388,GET /rate/dances+with+wolves+1990=5
2023-04-09T22:52:05,709792,GET /rate/coco+chanel+2008=4
2023-04-09T22:52:05,181093,GET /rate/despicable+me+2010=4
2023-04-09T22:52:07,22678,GET /rate/captain+january+1936=4
2023-04-09T22:52:07,15475,GET /rate/alexander+nevsky+1938=5
2023-04-09T22:52:08,29916,GET /rate/city+of+god+2002=3
2023-04-09T22:52:08,257094,GET /rate/racing+stripes+2005=2
2023-04-09T22:52:09,170022,GET /rate/rob-b-hood+2006=4
2023-04-09T22:52:09,434338,GET /rate/harry+potter+and+the+chamber+of+secrets+2002=3
2023-04-09T22:52:09,762071,GET /rate/the+cooler+2003=3
2023-04-09T22:52:09,939371,GET /rate/panic+in+the+streets+1950=3
2023-04-09T22:52:09,400891,GET /rate/galaxy+quest+1999=4
2023-04-09T22:52:09,603942,GET /rate/mr.+thank+you+1936=4
2023-04-09T22:52:09,230993,GET /rate/american+pie+2+2001=3
2023-04-09T22:52:10,60879,GET /rate/whats+in+a+name+2012=3
2023-04-09T22:52:10,75759,GET /rate/the+hobbit+the+desolation+of+smaug+2013=4
2023-04-09T22:52:10,179795,GET /rate/the+private+lives+of+elizabeth+and+essex+1939=4
2023-04-09T22:52:10,525282,GET /rate/the+dark+knight+2008=5
2023-04-09T22:52:11,742849,GET /rate/lone+wolf+and+cub+baby+cart+at+the+river+styx+1972=4
2023-04-09T22:52:11,578167,GET /rate/super+high+me+2007=3
2023-04-09T22:52:11,989913,GET /rate/toy+story+2+1999=5
2023-04-09T22:52:11,14542,GET /rate/double+trouble+1992=3
2023-04-09T22:52:11,681809,GET /rate/anatomy+of+a+murder+1959=5
2023-04-09T22:52:11,488030,GET /rate/a+modern+affair+1996=4
2023-04-09T22:52:12,861072,GET /rate/i+hate+myself++2013=2
2023-04-09T22:52:13,361852,GET /rate/interstellar+2014=4
2023-04-09T22:52:13,628835,GET /rate/paul+blart+mall+cop+2009=2
2023-04-09T22:52:13,506284,GET /rate/the+mist+2007=4
2023-04-09T21:50,390897,GET /rate/star+wars+1977=4
2023-04-09T21:50:01,395634,GET /rate/final+cut+1998=3
2023-04-09T21:50:01,608957,GET /rate/kill+the+messenger+2014=4
2023-04-09T21:50:01,76913,GET /rate/up+2009=4
2023-04-09T21:50:01,136049,GET /rate/harry+potter+and+the+half-blood+prince+2009=5
2023-04-09T21:50:01,650477,GET /rate/toy+story+1995=3
2023-04-09T21:50:01,258724,GET /rate/monster+in+a+box+1992=4
2023-04-09T21:50:02,829773,GET /rate/shrek+forever+after+2010=3
2023-04-09T21:50:02,886013,GET /rate/inception+2010=3
2023-04-09T21:50:02,165220,GET /rate/marley+2012=4
2023-04-09T21:50:02,230138,GET /rate/shrek+forever+after+2010=4
2023-04-09T21:50:02,722359,GET /rate/matango+attack+of+the+mushroom+people+1963=4
2023-04-09T21:50:03,491748,GET /rate/star+trek+of+gods+and+men+2007=4
2023-04-09T21:50:03,282107,GET /rate/his+girl+friday+1940=3
2023-04-09T21:50:03,927329,GET /rate/harry+potter+and+the+philosophers+stone+2001=4
2023-04-09T21:50:03,89753,GET /rate/act+of+violence+1949=4
2023-04-09T21:50:03,214240,GET /rate/wonderland+1999=4
2023-04-09T21:50:03,123052,GET /rate/shutter+island+2010=4
2023-04-09T21:50:03,113248,GET /rate/a+grain+of+truth+2015=4
2023-04-09T21:50:03,430060,GET /rate/capricorn+one+1977=3
2023-04-09T21:50:04,858901,GET /rate/sal_+or+the+120+days+of+sodom+1975=4
2023-04-09T21:50:04,912034,GET /rate/the+lord+of+the+rings+the+return+of+the+king+2003=5
2023-04-09T21:50:04,51004,GET /rate/the+dark+knight+2008=5
2023-04-09T21:50:04,296883,GET /rate/chernobyl+diaries+2012=3
2023-04-09T21:50:05,139038,GET /rate/the+legend+of+sarila+2013=2
2023-04-09T21:50:05,923472,GET /rate/the+shining+1980=4
2023-04-09T21:50:05,775624,GET /rate/a+room+with+a+view+1985=4
2023-04-09T21:50:05,857630,GET /rate/star+wars+1977=4
2023-04-09T21:50:05,466530,GET /rate/the+black+cauldron+1985=3
2023-04-09T21:50:06,807461,GET /rate/shark+tale+2004=3
2023-04-09T21:50:06,424331,GET /rate/dottie+gets+spanked+1993=3
2023-04-09T21:50:06,457046,GET /rate/true+lies+1994=4
2023-04-09T21:50:07,185929,GET /rate/the+dark+house+2009=3
2023-04-09T21:50:08,882900,GET /rate/premature+2014=3
2023-04-09T21:50:08,577169,GET /rate/under+the+bridges+1946=3
2023-04-09T21:50:08,925440,GET /rate/the+curse+of+the+were-rabbit+2005=4
2023-04-09T21:50:08,360247,GET /rate/pinocchio+1940=4
2023-04-09T21:50:09,863470,GET /rate/mamitas+2012=4
2023-04-09T21:50:09,400543,GET /rate/independence+day+1996=3
2023-04-09T21:50:09,445076,GET /rate/the+lord+of+the+rings+the+fellowship+of+the+ring+2001=4
2023-04-09T21:50:09,447440,GET /rate/1900+1976=4
2023-04-09T21:50:09,136491,GET /rate/godzilla_+mothra+and+king+ghidorah+giant+monsters+all-out+attack+2001=3
2023-04-09T21:50:09,314851,GET /rate/the+long+weekend+2005=4
2023-04-09T21:50:09,843138,GET /rate/harry+potter+and+the+prisoner+of+azkaban+2004=5
2023-04-09T21:50:09,519913,GET /rate/stranger+than+paradise+1984=4
2023-04-09T21:50:09,327381,GET /rate/alien+1979=4
2023-04-09T21:50:09,193453,GET /rate/auggie+rose+2000=3
2023-04-09T21:50:10,17120,GET /rate/no+one+dies+in+lily+dale+2011=4
2023-04-09T21:50:10,134504,GET /rate/big+star+nothing+can+hurt+me+2013=4
2023-04-09T21:50:10,774606,GET /rate/big+man+japan+2007=3
2023-04-09T21:50:11,286432,GET /rate/speak+2004=4
2023-04-09T21:50:11,580118,GET /rate/no+country+for+old+men+2007=4
2023-04-09T21:50:12,133188,GET /rate/susan+lenox+her+fall+and+rise+1931=4
2023-04-09T21:50:12,59143,GET /rate/monty+python+and+the+holy+grail+1975=5
2023-04-09T21:50:12,440365,GET /rate/the+haunted+castle+1921=4
2023-04-09T21:50:12,923704,GET /rate/constantine+2005=3
2023-04-09T21:50:12,99884,GET /rate/cooperstown+1993=3
2023-04-09T21:50:12,523397,GET /rate/tell+no+one+2006=4
2023-04-09T21:50:12,355218,GET /rate/american+splendor+2003=4
2023-04-09T21:50:13,878587,GET /rate/thursday+1998=4
2023-04-09T21:50:13,350584,GET /rate/wicker+park+2004=2
2023-04-09T21:50:13,8470,GET /rate/the+shawshank+redemption+1994=5
2023-04-09T21:50:13,600885,GET /rate/i_+robot+2004=4
2023-04-09T22:52,392467,GET /rate/avatar+2009=4
2023-04-09T22:52:01,845517,GET /rate/sweetie+1989=4
2023-04-09T22:52:01,535789,GET /rate/71+2014=3
2023-04-09T22:52:01,908911,GET /rate/fiddler+on+the+roof+1971=5
2023-04-09T22:52:01,78454,GET /rate/the+dove+1974=4
2023-04-09T22:52:02,427915,GET /rate/morning+patrol+1987=4
2023-04-09T22:52:02,700967,GET /rate/posse+1975=4
2023-04-09T22:52:02,393358,GET /rate/violet++daisy+2011=2
2023-04-09T22:52:03,782518,GET /rate/invictus+2009=3
2023-04-09T22:52:03,966451,GET /rate/nightcrawler+2014=5
2023-04-09T22:52:03,435305,GET /rate/ben-hur+a+tale+of+the+christ+1925=3
2023-04-09T22:52:03,287709,GET /rate/the+shawshank+redemption+1994=4
2023-04-09T22:52:03,797137,GET /rate/fight+club+1999=5
2023-04-09T22:52:03,98644,GET /rate/meet+the+parents+2000=4
2023-04-09T22:52:03,838267,GET /rate/forgotten+silver+1995=4
2023-04-09T22:52:04,177854,GET /rate/jules+and+jim+1962=4
2023-04-09T22:52:04,837665,GET /rate/hedda+gabler+1962=2
2023-04-09T22:52:04,733388,GET /rate/dances+with+wolves+1990=5
2023-04-09T22:52:05,709792,GET /rate/coco+chanel+2008=4
2023-04-09T22:52:05,181093,GET /rate/despicable+me+2010=4
2023-04-09T22:52:07,22678,GET /rate/captain+january+1936=4
2023-04-09T22:52:07,15475,GET /rate/alexander+nevsky+1938=5
2023-04-09T22:52:08,29916,GET /rate/city+of+god+2002=3
2023-04-09T22:52:08,257094,GET /rate/racing+stripes+2005=2
2023-04-09T22:52:09,170022,GET /rate/rob-b-hood+2006=4
2023-04-09T22:52:09,434338,GET /rate/harry+potter+and+the+chamber+of+secrets+2002=3
2023-04-09T22:52:09,762071,GET /rate/the+cooler+2003=3
2023-04-09T22:52:09,939371,GET /rate/panic+in+the+streets+1950=3
2023-04-09T22:52:09,400891,GET /rate/galaxy+quest+1999=4
2023-04-09T22:52:09,603942,GET /rate/mr.+thank+you+1936=4
2023-04-09T22:52:09,230993,GET /rate/american+pie+2+2001=3
2023-04-09T22:52:10,60879,GET /rate/whats+in+a+name+2012=3
2023-04-09T22:52:10,75759,GET /rate/the+hobbit+the+desolation+of+smaug+2013=4
2023-04-09T22:52:10,179795,GET /rate/the+private+lives+of+elizabeth+and+essex+1939=4
2023-04-09T22:52:10,525282,GET /rate/the+dark+knight+2008=5
2023-04-09T22:52:11,742849,GET /rate/lone+wolf+and+cub+baby+cart+at+the+river+styx+1972=4
2023-04-09T22:52:11,578167,GET /rate/super+high+me+2007=3
2023-04-09T22:52:11,989913,GET /rate/toy+story+2+1999=5
2023-04-09T22:52:11,14542,GET /rate/double+trouble+1992=3
2023-04-09T22:52:11,681809,GET /rate/anatomy+of+a+murder+1959=5
2023-04-09T22:52:11,488030,GET /rate/a+modern+affair+1996=4
2023-04-09T22:52:12,861072,GET /rate/i+hate+myself++2013=2
2023-04-09T22:52:13,361852,GET /rate/interstellar+2014=4
2023-04-09T22:52:13,628835,GET /rate/paul+blart+mall+cop+2009=2
2023-04-09T22:52:13,506284,GET /rate/the+mist+2007=4
2023-04-10T01:33:36,730788,GET /rate/lady+and+the+tramp+1955=4
2023-04-10T01:33:36,600552,GET /rate/ong-bak+the+thai+warrior+2003=4
2023-04-10T01:33:36,634132,GET /rate/20_000+days+on+earth+2014=3
2023-04-10T01:33:37,357852,GET /rate/addams+family+values+1993=3
2023-04-10T01:33:37,647343,GET /rate/bustin+down+the+door+2008=4
2023-04-10T01:33:37,598280,GET /rate/watchmen+2009=5
2023-04-10T01:33:37,235571,GET /rate/blood+and+black+lace+1964=4
2023-04-10T01:33:38,328582,GET /rate/brief+encounter+1945=5
2023-04-10T01:33:39,745146,GET /rate/kill+bill+vol.+1+2003=5
2023-04-10T01:33:39,164161,GET /rate/burning+blue+2013=4
2023-04-10T01:33:39,604161,GET /rate/ghostbusters+1984=4
2023-04-10T01:33:39,280148,GET /rate/the+visitors+1972=4
2023-04-10T01:33:39,472231,GET /rate/in+the+shadow+of+the+moon+2007=5
2023-04-10T01:33:39,78830,GET /rate/the+forgotten+one+1989=4
2023-04-10T01:33:39,202090,GET /rate/lagaan+once+upon+a+time+in+india+2001=4
2023-04-10T01:33:39,572200,GET /rate/constantine+2005=5
2023-04-10T01:33:40,47467,GET /rate/mulan+1998=4
2023-04-10T01:33:40,623521,GET /rate/the+princess+diaries+2001=3
2023-04-10T01:33:40,359584,GET /rate/r100+2013=2
2023-04-10T01:33:41,318125,GET /rate/love+in+the+afternoon+1957=4
2023-04-10T01:33:41,955684,GET /rate/solo+2013=3
2023-04-10T01:33:42,263890,GET /rate/the+perfect+world+of+kai+2007=3
2023-04-10T01:33:42,20705,GET /rate/sisters+1973=2
2023-04-10T01:33:42,465395,GET /rate/gladiator+2000=5
2023-04-10T01:33:42,382564,GET /rate/the+kingdom+2007=4
2023-04-10T01:33:42,729839,GET /rate/into+the+sun+2005=3
2023-04-10T01:33:42,544235,GET /rate/fever+pitch+2005=3
2023-04-10T01:33:42,686157,GET /rate/billy+elliot+2000=4
2023-04-10T01:33:43,297967,GET /rate/the+wolf+of+wall+street+2013=3
2023-04-10T01:33:44,389027,GET /rate/bruce+almighty+2003=3
2023-04-10T01:33:44,326791,GET /rate/le+havre+2011=5
2023-04-10T01:33:44,948764,GET /rate/coraline+2009=4
2023-04-10T01:33:45,597554,GET /rate/the+day+the+earth+stood+still+1951=4
2023-04-10T01:33:45,657630,GET /rate/venus+in+fur+2013=4
2023-04-10T01:33:45,681384,GET /rate/dark+house+2009=3
2023-04-10T01:33:45,708850,GET /rate/how+to+train+your+dragon+2+2014=3
2023-04-10T01:33:45,375228,GET /rate/the+flaying+2012=4
2023-04-10T01:33:45,615152,GET /rate/the+imitation+game+2014=4
2023-04-10T01:33:45,695693,GET /rate/bass+ackwards+2010=3
2023-04-10T01:33:46,313259,GET /rate/the+incite+mill+2010=4
2023-04-10T01:33:46,474551,GET /rate/beauty+and+the+beast+1991=4
2023-04-10T01:33:47,244350,GET /rate/red+river+1948=4
2023-04-10T01:33:47,501564,GET /rate/the+devil_+probably+1977=5
2023-04-10T01:33:47,774985,GET /rate/cypher+2002=4
2023-04-10T01:33:47,754735,GET /rate/pulp+fiction+1994=4
2023-04-10T01:33:48,521219,GET /rate/germany+year+zero+1948=5
2023-04-10T01:33:48,351205,GET /rate/the+cyclone+1996=4
2023-04-10T01:33:48,955112,GET /rate/the+slap+1974=3
2023-04-10T01:33:48,443505,GET /rate/forrest+gump+1994=4
2023-04-10T01:33:48,154337,GET /rate/rolling+thunder+1977=5
2023-04-10T01:33:49,368881,GET /rate/the+uninvited+2009=4
2023-04-10T01:33:49,327434,GET /rate/mulan+1998=4
2023-04-10T01:33:49,772242,GET /rate/buffet+froid+1979=3
2023-04-09T22:52,392467,GET /rate/avatar+2009=4
2023-04-09T22:52:01,845517,GET /rate/sweetie+1989=4
2023-04-09T22:52:01,535789,GET /rate/71+2014=3
2023-04-09T22:52:01,908911,GET /rate/fiddler+on+the+roof+1971=5
2023-04-09T22:52:01,78454,GET /rate/the+dove+1974=4
2023-04-09T22:52:02,427915,GET /rate/morning+patrol+1987=4
2023-04-09T22:52:02,700967,GET /rate/posse+1975=4
2023-04-09T22:52:02,393358,GET /rate/violet++daisy+2011=2
2023-04-09T22:52:03,782518,GET /rate/invictus+2009=3
2023-04-09T22:52:03,966451,GET /rate/nightcrawler+2014=5
2023-04-09T22:52:03,435305,GET /rate/ben-hur+a+tale+of+the+christ+1925=3
2023-04-09T22:52:03,287709,GET /rate/the+shawshank+redemption+1994=4
2023-04-09T22:52:03,797137,GET /rate/fight+club+1999=5
2023-04-09T22:52:03,98644,GET /rate/meet+the+parents+2000=4
2023-04-09T22:52:03,838267,GET /rate/forgotten+silver+1995=4
2023-04-09T22:52:04,177854,GET /rate/jules+and+jim+1962=4
2023-04-09T22:52:04,837665,GET /rate/hedda+gabler+1962=2
2023-04-09T22:52:04,733388,GET /rate/dances+with+wolves+1990=5
2023-04-09T22:52:05,709792,GET /rate/coco+chanel+2008=4
2023-04-09T22:52:05,181093,GET /rate/despicable+me+2010=4
2023-04-09T22:52:07,22678,GET /rate/captain+january+1936=4
2023-04-09T22:52:07,15475,GET /rate/alexander+nevsky+1938=5
2023-04-09T22:52:08,29916,GET /rate/city+of+god+2002=3
2023-04-09T22:52:08,257094,GET /rate/racing+stripes+2005=2
2023-04-09T22:52:09,170022,GET /rate/rob-b-hood+2006=4
2023-04-09T22:52:09,434338,GET /rate/harry+potter+and+the+chamber+of+secrets+2002=3
2023-04-09T22:52:09,762071,GET /rate/the+cooler+2003=3
2023-04-09T22:52:09,939371,GET /rate/panic+in+the+streets+1950=3
2023-04-09T22:52:09,400891,GET /rate/galaxy+quest+1999=4
2023-04-09T22:52:09,603942,GET /rate/mr.+thank+you+1936=4
2023-04-09T22:52:09,230993,GET /rate/american+pie+2+2001=3
2023-04-09T22:52:10,60879,GET /rate/whats+in+a+name+2012=3
2023-04-09T22:52:10,75759,GET /rate/the+hobbit+the+desolation+of+smaug+2013=4
2023-04-09T22:52:10,179795,GET /rate/the+private+lives+of+elizabeth+and+essex+1939=4
2023-04-09T22:52:10,525282,GET /rate/the+dark+knight+2008=5
2023-04-09T22:52:11,742849,GET /rate/lone+wolf+and+cub+baby+cart+at+the+river+styx+1972=4
2023-04-09T22:52:11,578167,GET /rate/super+high+me+2007=3
2023-04-09T22:52:11,989913,GET /rate/toy+story+2+1999=5
2023-04-09T22:52:11,14542,GET /rate/double+trouble+1992=3
2023-04-09T22:52:11,681809,GET /rate/anatomy+of+a+murder+1959=5
2023-04-09T22:52:11,488030,GET /rate/a+modern+affair+1996=4
2023-04-09T22:52:12,861072,GET /rate/i+hate+myself++2013=2
2023-04-09T22:52:13,361852,GET /rate/interstellar+2014=4
2023-04-09T22:52:13,628835,GET /rate/paul+blart+mall+cop+2009=2
2023-04-09T22:52:13,506284,GET /rate/the+mist+2007=4
2023-04-10T01:33:36,730788,GET /rate/lady+and+the+tramp+1955=4
2023-04-10T01:33:36,600552,GET /rate/ong-bak+the+thai+warrior+2003=4
2023-04-10T01:33:36,634132,GET /rate/20_000+days+on+earth+2014=3
2023-04-10T01:33:37,357852,GET /rate/addams+family+values+1993=3
2023-04-10T01:33:37,647343,GET /rate/bustin+down+the+door+2008=4
2023-04-10T01:33:37,598280,GET /rate/watchmen+2009=5
2023-04-10T01:33:37,235571,GET /rate/blood+and+black+lace+1964=4
2023-04-10T01:33:38,328582,GET /rate/brief+encounter+1945=5
2023-04-10T01:33:39,745146,GET /rate/kill+bill+vol.+1+2003=5
2023-04-10T01:33:39,164161,GET /rate/burning+blue+2013=4
2023-04-10T01:33:39,604161,GET /rate/ghostbusters+1984=4
2023-04-10T01:33:39,280148,GET /rate/the+visitors+1972=4
2023-04-10T01:33:39,472231,GET /rate/in+the+shadow+of+the+moon+2007=5
2023-04-10T01:33:39,78830,GET /rate/the+forgotten+one+1989=4
2023-04-10T01:33:39,202090,GET /rate/lagaan+once+upon+a+time+in+india+2001=4
2023-04-10T01:33:39,572200,GET /rate/constantine+2005=5
2023-04-10T01:33:40,47467,GET /rate/mulan+1998=4
2023-04-10T01:33:40,623521,GET /rate/the+princess+diaries+2001=3
2023-04-10T01:33:40,359584,GET /rate/r100+2013=2
2023-04-10T01:33:41,318125,GET /rate/love+in+the+afternoon+1957=4
2023-04-10T01:33:41,955684,GET /rate/solo+2013=3
2023-04-10T01:33:42,263890,GET /rate/the+perfect+world+of+kai+2007=3
2023-04-10T01:33:42,20705,GET /rate/sisters+1973=2
2023-04-10T01:33:42,465395,GET /rate/gladiator+2000=5
2023-04-10T01:33:42,382564,GET /rate/the+kingdom+2007=4
2023-04-10T01:33:42,729839,GET /rate/into+the+sun+2005=3
2023-04-10T01:33:42,544235,GET /rate/fever+pitch+2005=3
2023-04-10T01:33:42,686157,GET /rate/billy+elliot+2000=4
2023-04-10T01:33:43,297967,GET /rate/the+wolf+of+wall+street+2013=3
2023-04-10T01:33:44,389027,GET /rate/bruce+almighty+2003=3
2023-04-10T01:33:44,326791,GET /rate/le+havre+2011=5
2023-04-10T01:33:44,948764,GET /rate/coraline+2009=4
2023-04-10T01:33:45,597554,GET /rate/the+day+the+earth+stood+still+1951=4
2023-04-10T01:33:45,657630,GET /rate/venus+in+fur+2013=4
2023-04-10T01:33:45,681384,GET /rate/dark+house+2009=3
2023-04-10T01:33:45,708850,GET /rate/how+to+train+your+dragon+2+2014=3
2023-04-10T01:33:45,375228,GET /rate/the+flaying+2012=4
2023-04-10T01:33:45,615152,GET /rate/the+imitation+game+2014=4
2023-04-10T01:33:45,695693,GET /rate/bass+ackwards+2010=3
2023-04-10T01:33:46,313259,GET /rate/the+incite+mill+2010=4
2023-04-10T01:33:46,474551,GET /rate/beauty+and+the+beast+1991=4
2023-04-10T01:33:47,244350,GET /rate/red+river+1948=4
2023-04-10T01:33:47,501564,GET /rate/the+devil_+probably+1977=5
2023-04-10T01:33:47,774985,GET /rate/cypher+2002=4
2023-04-10T01:33:47,754735,GET /rate/pulp+fiction+1994=4
2023-04-10T01:33:48,521219,GET /rate/germany+year+zero+1948=5
2023-04-10T01:33:48,351205,GET /rate/the+cyclone+1996=4
2023-04-10T01:33:48,955112,GET /rate/the+slap+1974=3
2023-04-10T01:33:48,443505,GET /rate/forrest+gump+1994=4
2023-04-10T01:33:48,154337,GET /rate/rolling+thunder+1977=5
2023-04-10T01:33:49,368881,GET /rate/the+uninvited+2009=4
2023-04-10T01:33:49,327434,GET /rate/mulan+1998=4
2023-04-10T01:33:49,772242,GET /rate/buffet+froid+1979=3
2023-04-09T22:52,392467,GET /rate/avatar+2009=4
2023-04-09T22:52:01,845517,GET /rate/sweetie+1989=4
2023-04-09T22:52:01,535789,GET /rate/71+2014=3
2023-04-09T22:52:01,908911,GET /rate/fiddler+on+the+roof+1971=5
2023-04-09T22:52:01,78454,GET /rate/the+dove+1974=4
2023-04-09T22:52:02,427915,GET /rate/morning+patrol+1987=4
2023-04-09T22:52:02,700967,GET /rate/posse+1975=4
2023-04-09T22:52:02,393358,GET /rate/violet++daisy+2011=2
2023-04-09T22:52:03,782518,GET /rate/invictus+2009=3
2023-04-09T22:52:03,966451,GET /rate/nightcrawler+2014=5
2023-04-09T22:52:03,435305,GET /rate/ben-hur+a+tale+of+the+christ+1925=3
2023-04-09T22:52:03,287709,GET /rate/the+shawshank+redemption+1994=4
2023-04-09T22:52:03,797137,GET /rate/fight+club+1999=5
2023-04-09T22:52:03,98644,GET /rate/meet+the+parents+2000=4
2023-04-09T22:52:03,838267,GET /rate/forgotten+silver+1995=4
2023-04-09T22:52:04,177854,GET /rate/jules+and+jim+1962=4
2023-04-09T22:52:04,837665,GET /rate/hedda+gabler+1962=2
2023-04-09T22:52:04,733388,GET /rate/dances+with+wolves+1990=5
2023-04-09T22:52:05,709792,GET /rate/coco+chanel+2008=4
2023-04-09T22:52:05,181093,GET /rate/despicable+me+2010=4
2023-04-09T22:52:07,22678,GET /rate/captain+january+1936=4
2023-04-09T22:52:07,15475,GET /rate/alexander+nevsky+1938=5
2023-04-09T22:52:08,29916,GET /rate/city+of+god+2002=3
2023-04-09T22:52:08,257094,GET /rate/racing+stripes+2005=2
2023-04-09T22:52:09,170022,GET /rate/rob-b-hood+2006=4
2023-04-09T22:52:09,434338,GET /rate/harry+potter+and+the+chamber+of+secrets+2002=3
2023-04-09T22:52:09,762071,GET /rate/the+cooler+2003=3
2023-04-09T22:52:09,939371,GET /rate/panic+in+the+streets+1950=3
2023-04-09T22:52:09,400891,GET /rate/galaxy+quest+1999=4
2023-04-09T22:52:09,603942,GET /rate/mr.+thank+you+1936=4
2023-04-09T22:52:09,230993,GET /rate/american+pie+2+2001=3
2023-04-09T22:52:10,60879,GET /rate/whats+in+a+name+2012=3
2023-04-09T22:52:10,75759,GET /rate/the+hobbit+the+desolation+of+smaug+2013=4
2023-04-09T22:52:10,179795,GET /rate/the+private+lives+of+elizabeth+and+essex+1939=4
2023-04-09T22:52:10,525282,GET /rate/the+dark+knight+2008=5
2023-04-09T22:52:11,742849,GET /rate/lone+wolf+and+cub+baby+cart+at+the+river+styx+1972=4
2023-04-09T22:52:11,578167,GET /rate/super+high+me+2007=3
2023-04-09T22:52:11,989913,GET /rate/toy+story+2+1999=5
2023-04-09T22:52:11,14542,GET /rate/double+trouble+1992=3
2023-04-09T22:52:11,681809,GET /rate/anatomy+of+a+murder+1959=5
2023-04-09T22:52:11,488030,GET /rate/a+modern+affair+1996=4
2023-04-09T22:52:12,861072,GET /rate/i+hate+myself++2013=2
2023-04-09T22:52:13,361852,GET /rate/interstellar+2014=4
2023-04-09T22:52:13,628835,GET /rate/paul+blart+mall+cop+2009=2
2023-04-09T22:52:13,506284,GET /rate/the+mist+2007=4
2023-04-10T01:33:36,730788,GET /rate/lady+and+the+tramp+1955=4
2023-04-10T01:33:36,600552,GET /rate/ong-bak+the+thai+warrior+2003=4
2023-04-10T01:33:36,634132,GET /rate/20_000+days+on+earth+2014=3
2023-04-10T01:33:37,357852,GET /rate/addams+family+values+1993=3
2023-04-10T01:33:37,647343,GET /rate/bustin+down+the+door+2008=4
2023-04-10T01:33:37,598280,GET /rate/watchmen+2009=5
2023-04-10T01:33:37,235571,GET /rate/blood+and+black+lace+1964=4
2023-04-10T01:33:38,328582,GET /rate/brief+encounter+1945=5
2023-04-10T01:33:39,745146,GET /rate/kill+bill+vol.+1+2003=5
2023-04-10T01:33:39,164161,GET /rate/burning+blue+2013=4
2023-04-10T01:33:39,604161,GET /rate/ghostbusters+1984=4
2023-04-10T01:33:39,280148,GET /rate/the+visitors+1972=4
2023-04-10T01:33:39,472231,GET /rate/in+the+shadow+of+the+moon+2007=5
2023-04-10T01:33:39,78830,GET /rate/the+forgotten+one+1989=4
2023-04-10T01:33:39,202090,GET /rate/lagaan+once+upon+a+time+in+india+2001=4
2023-04-10T01:33:39,572200,GET /rate/constantine+2005=5
2023-04-10T01:33:40,47467,GET /rate/mulan+1998=4
2023-04-10T01:33:40,623521,GET /rate/the+princess+diaries+2001=3
2023-04-10T01:33:40,359584,GET /rate/r100+2013=2
2023-04-10T01:33:41,318125,GET /rate/love+in+the+afternoon+1957=4
2023-04-10T01:33:41,955684,GET /rate/solo+2013=3
2023-04-10T01:33:42,263890,GET /rate/the+perfect+world+of+kai+2007=3
2023-04-10T01:33:42,20705,GET /rate/sisters+1973=2
2023-04-10T01:33:42,465395,GET /rate/gladiator+2000=5
2023-04-10T01:33:42,382564,GET /rate/the+kingdom+2007=4
2023-04-10T01:33:42,729839,GET /rate/into+the+sun+2005=3
2023-04-10T01:33:42,544235,GET /rate/fever+pitch+2005=3
2023-04-10T01:33:42,686157,GET /rate/billy+elliot+2000=4
2023-04-10T01:33:43,297967,GET /rate/the+wolf+of+wall+street+2013=3
2023-04-10T01:33:44,389027,GET /rate/bruce+almighty+2003=3
2023-04-10T01:33:44,326791,GET /rate/le+havre+2011=5
2023-04-10T01:33:44,948764,GET /rate/coraline+2009=4
2023-04-10T01:33:45,597554,GET /rate/the+day+the+earth+stood+still+1951=4
2023-04-10T01:33:45,657630,GET /rate/venus+in+fur+2013=4
2023-04-10T01:33:45,681384,GET /rate/dark+house+2009=3
2023-04-10T01:33:45,708850,GET /rate/how+to+train+your+dragon+2+2014=3
2023-04-10T01:33:45,375228,GET /rate/the+flaying+2012=4
2023-04-10T01:33:45,615152,GET /rate/the+imitation+game+2014=4
2023-04-10T01:33:45,695693,GET /rate/bass+ackwards+2010=3
2023-04-10T01:33:46,313259,GET /rate/the+incite+mill+2010=4
2023-04-10T01:33:46,474551,GET /rate/beauty+and+the+beast+1991=4
2023-04-10T01:33:47,244350,GET /rate/red+river+1948=4
2023-04-10T01:33:47,501564,GET /rate/the+devil_+probably+1977=5
2023-04-10T01:33:47,774985,GET /rate/cypher+2002=4
2023-04-10T01:33:47,754735,GET /rate/pulp+fiction+1994=4
2023-04-10T01:33:48,521219,GET /rate/germany+year+zero+1948=5
2023-04-10T01:33:48,351205,GET /rate/the+cyclone+1996=4
2023-04-10T01:33:48,955112,GET /rate/the+slap+1974=3
2023-04-10T01:33:48,443505,GET /rate/forrest+gump+1994=4
2023-04-10T01:33:48,154337,GET /rate/rolling+thunder+1977=5
2023-04-10T01:33:49,368881,GET /rate/the+uninvited+2009=4
2023-04-10T01:33:49,327434,GET /rate/mulan+1998=4
2023-04-10T01:33:49,772242,GET /rate/buffet+froid+1979=3
2023-04-09T22:52,392467,GET /rate/avatar+2009=4
2023-04-09T22:52:01,845517,GET /rate/sweetie+1989=4
2023-04-09T22:52:01,535789,GET /rate/71+2014=3
2023-04-09T22:52:01,908911,GET /rate/fiddler+on+the+roof+1971=5
2023-04-09T22:52:01,78454,GET /rate/the+dove+1974=4
2023-04-09T22:52:02,427915,GET /rate/morning+patrol+1987=4
2023-04-09T22:52:02,700967,GET /rate/posse+1975=4
2023-04-09T22:52:02,393358,GET /rate/violet++daisy+2011=2
2023-04-09T22:52:03,782518,GET /rate/invictus+2009=3
2023-04-09T22:52:03,966451,GET /rate/nightcrawler+2014=5
2023-04-09T22:52:03,435305,GET /rate/ben-hur+a+tale+of+the+christ+1925=3
2023-04-09T22:52:03,287709,GET /rate/the+shawshank+redemption+1994=4
2023-04-09T22:52:03,797137,GET /rate/fight+club+1999=5
2023-04-09T22:52:03,98644,GET /rate/meet+the+parents+2000=4
2023-04-09T22:52:03,838267,GET /rate/forgotten+silver+1995=4
2023-04-09T22:52:04,177854,GET /rate/jules+and+jim+1962=4
2023-04-09T22:52:04,837665,GET /rate/hedda+gabler+1962=2
2023-04-09T22:52:04,733388,GET /rate/dances+with+wolves+1990=5
2023-04-09T22:52:05,709792,GET /rate/coco+chanel+2008=4
2023-04-09T22:52:05,181093,GET /rate/despicable+me+2010=4
2023-04-09T22:52:07,22678,GET /rate/captain+january+1936=4
2023-04-09T22:52:07,15475,GET /rate/alexander+nevsky+1938=5
2023-04-09T22:52:08,29916,GET /rate/city+of+god+2002=3
2023-04-09T22:52:08,257094,GET /rate/racing+stripes+2005=2
2023-04-09T22:52:09,170022,GET /rate/rob-b-hood+2006=4
2023-04-09T22:52:09,434338,GET /rate/harry+potter+and+the+chamber+of+secrets+2002=3
2023-04-09T22:52:09,762071,GET /rate/the+cooler+2003=3
2023-04-09T22:52:09,939371,GET /rate/panic+in+the+streets+1950=3
2023-04-09T22:52:09,400891,GET /rate/galaxy+quest+1999=4
2023-04-09T22:52:09,603942,GET /rate/mr.+thank+you+1936=4
2023-04-09T22:52:09,230993,GET /rate/american+pie+2+2001=3
2023-04-09T22:52:10,60879,GET /rate/whats+in+a+name+2012=3
2023-04-09T22:52:10,75759,GET /rate/the+hobbit+the+desolation+of+smaug+2013=4
2023-04-09T22:52:10,179795,GET /rate/the+private+lives+of+elizabeth+and+essex+1939=4
2023-04-09T22:52:10,525282,GET /rate/the+dark+knight+2008=5
2023-04-09T22:52:11,742849,GET /rate/lone+wolf+and+cub+baby+cart+at+the+river+styx+1972=4
2023-04-09T22:52:11,578167,GET /rate/super+high+me+2007=3
2023-04-09T22:52:11,989913,GET /rate/toy+story+2+1999=5
2023-04-09T22:52:11,14542,GET /rate/double+trouble+1992=3
2023-04-09T22:52:11,681809,GET /rate/anatomy+of+a+murder+1959=5
2023-04-09T22:52:11,488030,GET /rate/a+modern+affair+1996=4
2023-04-09T22:52:12,861072,GET /rate/i+hate+myself++2013=2
2023-04-09T22:52:13,361852,GET /rate/interstellar+2014=4
2023-04-09T22:52:13,628835,GET /rate/paul+blart+mall+cop+2009=2
2023-04-09T22:52:13,506284,GET /rate/the+mist+2007=4
2023-04-10T01:33:36,730788,GET /rate/lady+and+the+tramp+1955=4
2023-04-10T01:33:36,600552,GET /rate/ong-bak+the+thai+warrior+2003=4
2023-04-10T01:33:36,634132,GET /rate/20_000+days+on+earth+2014=3
2023-04-10T01:33:37,357852,GET /rate/addams+family+values+1993=3
2023-04-10T01:33:37,647343,GET /rate/bustin+down+the+door+2008=4
2023-04-10T01:33:37,598280,GET /rate/watchmen+2009=5
2023-04-10T01:33:37,235571,GET /rate/blood+and+black+lace+1964=4
2023-04-10T01:33:38,328582,GET /rate/brief+encounter+1945=5
2023-04-10T01:33:39,745146,GET /rate/kill+bill+vol.+1+2003=5
2023-04-10T01:33:39,164161,GET /rate/burning+blue+2013=4
2023-04-10T01:33:39,604161,GET /rate/ghostbusters+1984=4
2023-04-10T01:33:39,280148,GET /rate/the+visitors+1972=4
2023-04-10T01:33:39,472231,GET /rate/in+the+shadow+of+the+moon+2007=5
2023-04-10T01:33:39,78830,GET /rate/the+forgotten+one+1989=4
2023-04-10T01:33:39,202090,GET /rate/lagaan+once+upon+a+time+in+india+2001=4
2023-04-10T01:33:39,572200,GET /rate/constantine+2005=5
2023-04-10T01:33:40,47467,GET /rate/mulan+1998=4
2023-04-10T01:33:40,623521,GET /rate/the+princess+diaries+2001=3
2023-04-10T01:33:40,359584,GET /rate/r100+2013=2
2023-04-10T01:33:41,318125,GET /rate/love+in+the+afternoon+1957=4
2023-04-10T01:33:41,955684,GET /rate/solo+2013=3
2023-04-10T01:33:42,263890,GET /rate/the+perfect+world+of+kai+2007=3
2023-04-10T01:33:42,20705,GET /rate/sisters+1973=2
2023-04-10T01:33:42,465395,GET /rate/gladiator+2000=5
2023-04-10T01:33:42,382564,GET /rate/the+kingdom+2007=4
2023-04-10T01:33:42,729839,GET /rate/into+the+sun+2005=3
2023-04-10T01:33:42,544235,GET /rate/fever+pitch+2005=3
2023-04-10T01:33:42,686157,GET /rate/billy+elliot+2000=4
2023-04-10T01:33:43,297967,GET /rate/the+wolf+of+wall+street+2013=3
2023-04-10T01:33:44,389027,GET /rate/bruce+almighty+2003=3
2023-04-10T01:33:44,326791,GET /rate/le+havre+2011=5
2023-04-10T01:33:44,948764,GET /rate/coraline+2009=4
2023-04-10T01:33:45,597554,GET /rate/the+day+the+earth+stood+still+1951=4
2023-04-10T01:33:45,657630,GET /rate/venus+in+fur+2013=4
2023-04-10T01:33:45,681384,GET /rate/dark+house+2009=3
2023-04-10T01:33:45,708850,GET /rate/how+to+train+your+dragon+2+2014=3
2023-04-10T01:33:45,375228,GET /rate/the+flaying+2012=4
2023-04-10T01:33:45,615152,GET /rate/the+imitation+game+2014=4
2023-04-10T01:33:45,695693,GET /rate/bass+ackwards+2010=3
2023-04-10T01:33:46,313259,GET /rate/the+incite+mill+2010=4
2023-04-10T01:33:46,474551,GET /rate/beauty+and+the+beast+1991=4
2023-04-10T01:33:47,244350,GET /rate/red+river+1948=4
2023-04-10T01:33:47,501564,GET /rate/the+devil_+probably+1977=5
2023-04-10T01:33:47,774985,GET /rate/cypher+2002=4
2023-04-10T01:33:47,754735,GET /rate/pulp+fiction+1994=4
2023-04-10T01:33:48,521219,GET /rate/germany+year+zero+1948=5
2023-04-10T01:33:48,351205,GET /rate/the+cyclone+1996=4
2023-04-10T01:33:48,955112,GET /rate/the+slap+1974=3
2023-04-10T01:33:48,443505,GET /rate/forrest+gump+1994=4
2023-04-10T01:33:48,154337,GET /rate/rolling+thunder+1977=5
2023-04-10T01:33:49,368881,GET /rate/the+uninvited+2009=4
2023-04-10T01:33:49,327434,GET /rate/mulan+1998=4
2023-04-10T01:33:49,772242,GET /rate/buffet+froid+1979=3
2023-04-09T22:52,392467,GET /rate/avatar+2009=4
2023-04-09T22:52:01,845517,GET /rate/sweetie+1989=4
2023-04-09T22:52:01,535789,GET /rate/71+2014=3
2023-04-09T22:52:01,908911,GET /rate/fiddler+on+the+roof+1971=5
2023-04-09T22:52:01,78454,GET /rate/the+dove+1974=4
2023-04-09T22:52:02,427915,GET /rate/morning+patrol+1987=4
2023-04-09T22:52:02,700967,GET /rate/posse+1975=4
2023-04-09T22:52:02,393358,GET /rate/violet++daisy+2011=2
2023-04-09T22:52:03,782518,GET /rate/invictus+2009=3
2023-04-09T22:52:03,966451,GET /rate/nightcrawler+2014=5
2023-04-09T22:52:03,435305,GET /rate/ben-hur+a+tale+of+the+christ+1925=3
2023-04-09T22:52:03,287709,GET /rate/the+shawshank+redemption+1994=4
2023-04-09T22:52:03,797137,GET /rate/fight+club+1999=5
2023-04-09T22:52:03,98644,GET /rate/meet+the+parents+2000=4
2023-04-09T22:52:03,838267,GET /rate/forgotten+silver+1995=4
2023-04-09T22:52:04,177854,GET /rate/jules+and+jim+1962=4
2023-04-09T22:52:04,837665,GET /rate/hedda+gabler+1962=2
2023-04-09T22:52:04,733388,GET /rate/dances+with+wolves+1990=5
2023-04-09T22:52:05,709792,GET /rate/coco+chanel+2008=4
2023-04-09T22:52:05,181093,GET /rate/despicable+me+2010=4
2023-04-09T22:52:07,22678,GET /rate/captain+january+1936=4
2023-04-09T22:52:07,15475,GET /rate/alexander+nevsky+1938=5
2023-04-09T22:52:08,29916,GET /rate/city+of+god+2002=3
2023-04-09T22:52:08,257094,GET /rate/racing+stripes+2005=2
2023-04-09T22:52:09,170022,GET /rate/rob-b-hood+2006=4
2023-04-09T22:52:09,434338,GET /rate/harry+potter+and+the+chamber+of+secrets+2002=3
2023-04-09T22:52:09,762071,GET /rate/the+cooler+2003=3
2023-04-09T22:52:09,939371,GET /rate/panic+in+the+streets+1950=3
2023-04-09T22:52:09,400891,GET /rate/galaxy+quest+1999=4
2023-04-09T22:52:09,603942,GET /rate/mr.+thank+you+1936=4
2023-04-09T22:52:09,230993,GET /rate/american+pie+2+2001=3
2023-04-09T22:52:10,60879,GET /rate/whats+in+a+name+2012=3
2023-04-09T22:52:10,75759,GET /rate/the+hobbit+the+desolation+of+smaug+2013=4
2023-04-09T22:52:10,179795,GET /rate/the+private+lives+of+elizabeth+and+essex+1939=4
2023-04-09T22:52:10,525282,GET /rate/the+dark+knight+2008=5
2023-04-09T22:52:11,742849,GET /rate/lone+wolf+and+cub+baby+cart+at+the+river+styx+1972=4
2023-04-09T22:52:11,578167,GET /rate/super+high+me+2007=3
2023-04-09T22:52:11,989913,GET /rate/toy+story+2+1999=5
2023-04-09T22:52:11,14542,GET /rate/double+trouble+1992=3
2023-04-09T22:52:11,681809,GET /rate/anatomy+of+a+murder+1959=5
2023-04-09T22:52:11,488030,GET /rate/a+modern+affair+1996=4
2023-04-09T22:52:12,861072,GET /rate/i+hate+myself++2013=2
2023-04-09T22:52:13,361852,GET /rate/interstellar+2014=4
2023-04-09T22:52:13,628835,GET /rate/paul+blart+mall+cop+2009=2
2023-04-09T22:52:13,506284,GET /rate/the+mist+2007=4
2023-04-10T01:33:36,730788,GET /rate/lady+and+the+tramp+1955=4
2023-04-10T01:33:36,600552,GET /rate/ong-bak+the+thai+warrior+2003=4
2023-04-10T01:33:36,634132,GET /rate/20_000+days+on+earth+2014=3
2023-04-10T01:33:37,357852,GET /rate/addams+family+values+1993=3
2023-04-10T01:33:37,647343,GET /rate/bustin+down+the+door+2008=4
2023-04-10T01:33:37,598280,GET /rate/watchmen+2009=5
2023-04-10T01:33:37,235571,GET /rate/blood+and+black+lace+1964=4
2023-04-10T01:33:38,328582,GET /rate/brief+encounter+1945=5
2023-04-10T01:33:39,745146,GET /rate/kill+bill+vol.+1+2003=5
2023-04-10T01:33:39,164161,GET /rate/burning+blue+2013=4
2023-04-10T01:33:39,604161,GET /rate/ghostbusters+1984=4
2023-04-10T01:33:39,280148,GET /rate/the+visitors+1972=4
2023-04-10T01:33:39,472231,GET /rate/in+the+shadow+of+the+moon+2007=5
2023-04-10T01:33:39,78830,GET /rate/the+forgotten+one+1989=4
2023-04-10T01:33:39,202090,GET /rate/lagaan+once+upon+a+time+in+india+2001=4
2023-04-10T01:33:39,572200,GET /rate/constantine+2005=5
2023-04-10T01:33:40,47467,GET /rate/mulan+1998=4
2023-04-10T01:33:40,623521,GET /rate/the+princess+diaries+2001=3
2023-04-10T01:33:40,359584,GET /rate/r100+2013=2
2023-04-10T01:33:41,318125,GET /rate/love+in+the+afternoon+1957=4
2023-04-10T01:33:41,955684,GET /rate/solo+2013=3
2023-04-10T01:33:42,263890,GET /rate/the+perfect+world+of+kai+2007=3
2023-04-10T01:33:42,20705,GET /rate/sisters+1973=2
2023-04-10T01:33:42,465395,GET /rate/gladiator+2000=5
2023-04-10T01:33:42,382564,GET /rate/the+kingdom+2007=4
2023-04-10T01:33:42,729839,GET /rate/into+the+sun+2005=3
2023-04-10T01:33:42,544235,GET /rate/fever+pitch+2005=3
2023-04-10T01:33:42,686157,GET /rate/billy+elliot+2000=4
2023-04-10T01:33:43,297967,GET /rate/the+wolf+of+wall+street+2013=3
2023-04-10T01:33:44,389027,GET /rate/bruce+almighty+2003=3
2023-04-10T01:33:44,326791,GET /rate/le+havre+2011=5
2023-04-10T01:33:44,948764,GET /rate/coraline+2009=4
2023-04-10T01:33:45,597554,GET /rate/the+day+the+earth+stood+still+1951=4
2023-04-10T01:33:45,657630,GET /rate/venus+in+fur+2013=4
2023-04-10T01:33:45,681384,GET /rate/dark+house+2009=3
2023-04-10T01:33:45,708850,GET /rate/how+to+train+your+dragon+2+2014=3
2023-04-10T01:33:45,375228,GET /rate/the+flaying+2012=4
2023-04-10T01:33:45,615152,GET /rate/the+imitation+game+2014=4
2023-04-10T01:33:45,695693,GET /rate/bass+ackwards+2010=3
2023-04-10T01:33:46,313259,GET /rate/the+incite+mill+2010=4
2023-04-10T01:33:46,474551,GET /rate/beauty+and+the+beast+1991=4
2023-04-10T01:33:47,244350,GET /rate/red+river+1948=4
2023-04-10T01:33:47,501564,GET /rate/the+devil_+probably+1977=5
2023-04-10T01:33:47,774985,GET /rate/cypher+2002=4
2023-04-10T01:33:47,754735,GET /rate/pulp+fiction+1994=4
2023-04-10T01:33:48,521219,GET /rate/germany+year+zero+1948=5
2023-04-10T01:33:48,351205,GET /rate/the+cyclone+1996=4
2023-04-10T01:33:48,955112,GET /rate/the+slap+1974=3
2023-04-10T01:33:48,443505,GET /rate/forrest+gump+1994=4
2023-04-10T01:33:48,154337,GET /rate/rolling+thunder+1977=5
2023-04-10T01:33:49,368881,GET /rate/the+uninvited+2009=4
2023-04-10T01:33:49,327434,GET /rate/mulan+1998=4
2023-04-10T01:33:49,772242,GET /rate/buffet+froid+1979=3
2023-04-09T22:52,392467,GET /rate/avatar+2009=4
2023-04-09T22:52:01,845517,GET /rate/sweetie+1989=4
2023-04-09T22:52:01,535789,GET /rate/71+2014=3
2023-04-09T22:52:01,908911,GET /rate/fiddler+on+the+roof+1971=5
2023-04-09T22:52:01,78454,GET /rate/the+dove+1974=4
2023-04-09T22:52:02,427915,GET /rate/morning+patrol+1987=4
2023-04-09T22:52:02,700967,GET /rate/posse+1975=4
2023-04-09T22:52:02,393358,GET /rate/violet++daisy+2011=2
2023-04-09T22:52:03,782518,GET /rate/invictus+2009=3
2023-04-09T22:52:03,966451,GET /rate/nightcrawler+2014=5
2023-04-09T22:52:03,435305,GET /rate/ben-hur+a+tale+of+the+christ+1925=3
2023-04-09T22:52:03,287709,GET /rate/the+shawshank+redemption+1994=4
2023-04-09T22:52:03,797137,GET /rate/fight+club+1999=5
2023-04-09T22:52:03,98644,GET /rate/meet+the+parents+2000=4
2023-04-09T22:52:03,838267,GET /rate/forgotten+silver+1995=4
2023-04-09T22:52:04,177854,GET /rate/jules+and+jim+1962=4
2023-04-09T22:52:04,837665,GET /rate/hedda+gabler+1962=2
2023-04-09T22:52:04,733388,GET /rate/dances+with+wolves+1990=5
2023-04-09T22:52:05,709792,GET /rate/coco+chanel+2008=4
2023-04-09T22:52:05,181093,GET /rate/despicable+me+2010=4
2023-04-09T22:52:07,22678,GET /rate/captain+january+1936=4
2023-04-09T22:52:07,15475,GET /rate/alexander+nevsky+1938=5
2023-04-09T22:52:08,29916,GET /rate/city+of+god+2002=3
2023-04-09T22:52:08,257094,GET /rate/racing+stripes+2005=2
2023-04-09T22:52:09,170022,GET /rate/rob-b-hood+2006=4
2023-04-09T22:52:09,434338,GET /rate/harry+potter+and+the+chamber+of+secrets+2002=3
2023-04-09T22:52:09,762071,GET /rate/the+cooler+2003=3
2023-04-09T22:52:09,939371,GET /rate/panic+in+the+streets+1950=3
2023-04-09T22:52:09,400891,GET /rate/galaxy+quest+1999=4
2023-04-09T22:52:09,603942,GET /rate/mr.+thank+you+1936=4
2023-04-09T22:52:09,230993,GET /rate/american+pie+2+2001=3
2023-04-09T22:52:10,60879,GET /rate/whats+in+a+name+2012=3
2023-04-09T22:52:10,75759,GET /rate/the+hobbit+the+desolation+of+smaug+2013=4
2023-04-09T22:52:10,179795,GET /rate/the+private+lives+of+elizabeth+and+essex+1939=4
2023-04-09T22:52:10,525282,GET /rate/the+dark+knight+2008=5
2023-04-09T22:52:11,742849,GET /rate/lone+wolf+and+cub+baby+cart+at+the+river+styx+1972=4
2023-04-09T22:52:11,578167,GET /rate/super+high+me+2007=3
2023-04-09T22:52:11,989913,GET /rate/toy+story+2+1999=5
2023-04-09T22:52:11,14542,GET /rate/double+trouble+1992=3
2023-04-09T22:52:11,681809,GET /rate/anatomy+of+a+murder+1959=5
2023-04-09T22:52:11,488030,GET /rate/a+modern+affair+1996=4
2023-04-09T22:52:12,861072,GET /rate/i+hate+myself++2013=2
2023-04-09T22:52:13,361852,GET /rate/interstellar+2014=4
2023-04-09T22:52:13,628835,GET /rate/paul+blart+mall+cop+2009=2
2023-04-09T22:52:13,506284,GET /rate/the+mist+2007=4
2023-04-10T01:33:36,730788,GET /rate/lady+and+the+tramp+1955=4
2023-04-10T01:33:36,600552,GET /rate/ong-bak+the+thai+warrior+2003=4
2023-04-10T01:33:36,634132,GET /rate/20_000+days+on+earth+2014=3
2023-04-10T01:33:37,357852,GET /rate/addams+family+values+1993=3
2023-04-10T01:33:37,647343,GET /rate/bustin+down+the+door+2008=4
2023-04-10T01:33:37,598280,GET /rate/watchmen+2009=5
2023-04-10T01:33:37,235571,GET /rate/blood+and+black+lace+1964=4
2023-04-10T01:33:38,328582,GET /rate/brief+encounter+1945=5
2023-04-10T01:33:39,745146,GET /rate/kill+bill+vol.+1+2003=5
2023-04-10T01:33:39,164161,GET /rate/burning+blue+2013=4
2023-04-10T01:33:39,604161,GET /rate/ghostbusters+1984=4
2023-04-10T01:33:39,280148,GET /rate/the+visitors+1972=4
2023-04-10T01:33:39,472231,GET /rate/in+the+shadow+of+the+moon+2007=5
2023-04-10T01:33:39,78830,GET /rate/the+forgotten+one+1989=4
2023-04-10T01:33:39,202090,GET /rate/lagaan+once+upon+a+time+in+india+2001=4
2023-04-10T01:33:39,572200,GET /rate/constantine+2005=5
2023-04-10T01:33:40,47467,GET /rate/mulan+1998=4
2023-04-10T01:33:40,623521,GET /rate/the+princess+diaries+2001=3
2023-04-10T01:33:40,359584,GET /rate/r100+2013=2
2023-04-10T01:33:41,318125,GET /rate/love+in+the+afternoon+1957=4
2023-04-10T01:33:41,955684,GET /rate/solo+2013=3
2023-04-10T01:33:42,263890,GET /rate/the+perfect+world+of+kai+2007=3
2023-04-10T01:33:42,20705,GET /rate/sisters+1973=2
2023-04-10T01:33:42,465395,GET /rate/gladiator+2000=5
2023-04-10T01:33:42,382564,GET /rate/the+kingdom+2007=4
2023-04-10T01:33:42,729839,GET /rate/into+the+sun+2005=3
2023-04-10T01:33:42,544235,GET /rate/fever+pitch+2005=3
2023-04-10T01:33:42,686157,GET /rate/billy+elliot+2000=4
2023-04-10T01:33:43,297967,GET /rate/the+wolf+of+wall+street+2013=3
2023-04-10T01:33:44,389027,GET /rate/bruce+almighty+2003=3
2023-04-10T01:33:44,326791,GET /rate/le+havre+2011=5
2023-04-10T01:33:44,948764,GET /rate/coraline+2009=4
2023-04-10T01:33:45,597554,GET /rate/the+day+the+earth+stood+still+1951=4
2023-04-10T01:33:45,657630,GET /rate/venus+in+fur+2013=4
2023-04-10T01:33:45,681384,GET /rate/dark+house+2009=3
2023-04-10T01:33:45,708850,GET /rate/how+to+train+your+dragon+2+2014=3
2023-04-10T01:33:45,375228,GET /rate/the+flaying+2012=4
2023-04-10T01:33:45,615152,GET /rate/the+imitation+game+2014=4
2023-04-10T01:33:45,695693,GET /rate/bass+ackwards+2010=3
2023-04-10T01:33:46,313259,GET /rate/the+incite+mill+2010=4
2023-04-10T01:33:46,474551,GET /rate/beauty+and+the+beast+1991=4
2023-04-10T01:33:47,244350,GET /rate/red+river+1948=4
2023-04-10T01:33:47,501564,GET /rate/the+devil_+probably+1977=5
2023-04-10T01:33:47,774985,GET /rate/cypher+2002=4
2023-04-10T01:33:47,754735,GET /rate/pulp+fiction+1994=4
2023-04-10T01:33:48,521219,GET /rate/germany+year+zero+1948=5
2023-04-10T01:33:48,351205,GET /rate/the+cyclone+1996=4
2023-04-10T01:33:48,955112,GET /rate/the+slap+1974=3
2023-04-10T01:33:48,443505,GET /rate/forrest+gump+1994=4
2023-04-10T01:33:48,154337,GET /rate/rolling+thunder+1977=5
2023-04-10T01:33:49,368881,GET /rate/the+uninvited+2009=4
2023-04-10T01:33:49,327434,GET /rate/mulan+1998=4
2023-04-10T01:33:49,772242,GET /rate/buffet+froid+1979=3
2023-04-10T02:43:02,960136,GET /rate/interstellar+2014=3
2023-04-10T02:43:02,126285,GET /rate/howls+moving+castle+2004=5
2023-04-10T02:43:02,176598,GET /rate/the+wolf+of+wall+street+2013=4
2023-04-10T02:43:02,992210,GET /rate/beetlejuice+1988=3
2023-04-10T02:43:02,560448,GET /rate/planet+of+the+apes+1968=3
2023-04-10T02:43:02,726964,GET /rate/shrek+2+2004=3
2023-04-10T02:43:02,242632,GET /rate/milk+2008=4
2023-04-10T02:43:02,813389,GET /rate/the+lion+king+2+simbas+pride+1998=2
2023-04-10T02:43:02,39941,GET /rate/the+return+of+frank+james+1940=4
2023-04-10T02:43:03,902369,GET /rate/boy+on+a+dolphin+1957=4
2023-04-10T02:43:03,766145,GET /rate/raiders+of+the+lost+ark+1981=3
2023-04-10T02:43:04,424431,GET /rate/anchors+aweigh+1945=4
2023-04-10T02:43:04,12218,GET /rate/a+tale+of+winter+1992=4
2023-04-10T02:43:05,734973,GET /rate/the+graduate+1967=5
2023-04-10T02:43:05,499030,GET /rate/anne+of+green+gables+1985=5
2023-04-10T02:43:05,25225,GET /rate/harry+potter+and+the+goblet+of+fire+2005=4
2023-04-10T02:43:06,221242,GET /rate/going+the+distance+2010=3
2023-04-10T02:43:06,467422,GET /rate/lenny+1974=4
2023-04-10T02:43:06,26854,GET /rate/mean+streets+1973=3
2023-04-10T02:43:06,388685,GET /rate/carson+city+1952=3
2023-04-10T02:43:07,442550,GET /rate/captain+conan+1996=3
2023-04-10T02:43:07,280708,GET /rate/the+hunchback+of+notre+dame+1939=5
2023-04-10T02:43:07,507380,GET /rate/different+from+the+others+1919=4
2023-04-10T02:43:07,487261,GET /rate/kingsman+the+secret+service+2015=4
2023-04-10T02:43:07,568256,GET /rate/life+of+brian+1979=4
2023-04-10T02:43:08,921036,GET /rate/private+confessions+1996=3
2023-04-10T02:43:08,53752,GET /rate/its+a+wonderful+life+1946=5
2023-04-10T02:43:08,729287,GET /rate/despicable+me+2010=3
2023-04-10T02:43:08,571831,GET /rate/the+mask+1994=3
2023-04-10T02:43:09,102286,GET /rate/the+green+mile+1999=4
2023-04-10T02:43:09,281043,GET /rate/brainstorm+1965=4
2023-04-10T02:43:10,525905,GET /rate/big+hero+6+2014=3
2023-04-10T02:43:10,897160,GET /rate/suicide+room+2011=3
2023-04-10T02:43:10,390446,GET /rate/crisis+behind+a+presidential+commitment+1963=3
2023-04-10T02:43:10,482896,GET /rate/charade+1963=3
2023-04-10T02:43:10,144145,GET /rate/18+years+old+and+rising+2011=3
2023-04-10T02:43:10,397248,GET /rate/the+man+with+one+red+shoe+1985=4
2023-04-10T02:43:11,369257,GET /rate/sawdust+and+tinsel+1953=4
2023-04-10T02:43:11,929511,GET /rate/men+in+black+1997=4
2023-04-10T02:43:11,106946,GET /rate/the+boys+the+sherman+brothers+story+2009=4
2023-04-10T02:43:11,114169,GET /rate/such+a+pretty+little+beach+1949=3
2023-04-10T02:43:11,363818,GET /rate/absentia+2011=4
2023-04-10T02:43:11,653612,GET /rate/the+fifth+season+2012=4
2023-04-10T02:43:11,845958,GET /rate/despicable+me+2010=4
2023-04-10T02:43:12,937116,GET /rate/one+flew+over+the+cuckoos+nest+1975=5
2023-04-10T02:43:13,90475,GET /rate/we+live+in+public+2009=3
2023-04-10T02:43:13,783890,GET /rate/titanic+1997=4
2023-04-10T02:43:14,260566,GET /rate/city+hall+1996=3
2023-04-10T02:43:14,997651,GET /rate/the+heart+of+the+world+2000=4
2023-04-10T02:43:14,247285,GET /rate/forrest+gump+1994=3
2023-04-10T02:43:14,814438,GET /rate/a+perfect+world+1993=4
2023-04-10T02:43:15,36307,GET /rate/across+the+line+the+exodus+of+charlie+wright+2010=4
2023-04-10T02:43:15,613303,GET /rate/the+awful+truth+1937=3
2023-04-10T02:43:15,897150,GET /rate/jane+eyre+2011=4
